[{"name":"green-field.jpg","transform":{"targetType":"image","originX":0,"originY":0,"width":1,"height":1,"scale":1}},{"name":"Dani.png","transform":{"targetType":"image","originX":0,"originY":0,"width":1,"height":1,"scale":1}},{"name":"log0.png","transform":{"targetType":"image","originX":0,"originY":0,"width":1,"height":1,"scale":1}},{"name":"log1.png","transform":{"targetType":"image","originX":0,"originY":0,"width":1,"height":1,"scale":0.5692163294255576}},{"name":"truck.png","transform":{"targetType":"image","originX":0,"originY":0,"width":1,"height":1,"scale":0.34476803367396863}}]